epoch,avg_train_loss
0,0.3834495599269867
1,0.3179873275756836
