epoch,avg_train_loss,avg_val_loss
0,0.3134758758448785,0.3134758758448785
1,0.27445318006700087,0.27445318006700087
