epoch,train_loss_batch_avg
0,0.7522366285324097
1,0.6301032543182373
