epoch,train_loss_batch_avg
0,0.6557188467545942
1,0.5749474005265669
